,time,mag,mag_err
0,1955.8207397460938,13.962950187242662,5.525141971948114e-05
1,1955.8416137695312,13.960715919706896,5.513873365941676e-05
2,1955.8624267578125,13.959179060592795,5.5065005155046524e-05
3,1955.8832397460938,13.957951369693234,5.5002853999014375e-05
4,1955.9041137695312,13.957318715080206,5.4972668163054055e-05
5,1955.9249267578125,13.960246806185495,5.5121110396961805e-05
6,1955.9457397460938,13.956961355031444,5.495709225859144e-05
7,1955.9666137695312,13.957381552802852,5.497794397282234e-05
8,1955.9874267578125,13.956352148044829,5.49273991306933e-05
9,1956.0082397460938,13.95634384222334,5.4926653417878455e-05
10,1956.0291137695312,13.955681557098687,5.4894692598527114e-05
11,1956.0499267578125,13.956439225608612,5.4934739638622125e-05
12,1956.0707397460938,13.955048701910972,5.486943605772905e-05
13,1956.0916137695312,13.956836856085522,5.4959232714809256e-05
14,1956.1124267578125,13.958453935384082,5.5045047484063006e-05
15,1956.1332397460938,13.957034514037762,5.497501057867041e-05
16,1956.1541137695312,13.959414299956219,5.509721080554698e-05
17,1956.1749267578125,13.958224446804442,5.504016485225047e-05
18,1956.1957397460938,13.959175929847648,5.509311214729861e-05
19,1956.2166137695312,13.959109006584612,5.5093608766519476e-05
20,1956.2374267578125,13.961292348995443,5.520998311927005e-05
21,1956.2582397460938,13.960706316530143,5.518163966819784e-05
22,1956.2791137695312,13.962600517796037,5.528379894239625e-05
23,1956.2999267578125,13.961479929438044,5.523194720368965e-05
24,1956.3207397460938,13.963859057236125,5.535853143783304e-05
25,1956.3416137695312,13.964201322772656,5.538336103221851e-05
26,1956.3624267578125,13.965018546819975,5.543081103660127e-05
27,1956.3832397460938,13.9670609293718,5.55395268133768e-05
28,1956.4041137695312,13.970093894507496,5.570438169460706e-05
29,1956.4249267578125,13.971366939725403,5.577414472587608e-05
30,1956.4457397460938,13.975105525605636,5.5972445028167284e-05
31,1956.4666137695312,13.974151920426632,5.5932059527213365e-05
32,1956.4874267578125,13.979683637128717,5.6228858007565866e-05
33,1956.5082397460938,13.982340636539082,5.637430353480147e-05
34,1956.5291137695312,13.986792036332643,5.661626845790364e-05
35,1956.5499267578125,13.993416330569126,5.6974409050445236e-05
36,1956.5707397460938,13.999189889280267,5.728302763460521e-05
37,1956.5916137695312,14.001050074289427,5.7392380695243235e-05
38,1956.6124267578125,14.01004476686478,5.787753955627735e-05
39,1956.6332397460938,14.02065342196284,5.845673721844717e-05
40,1956.6541137695312,14.023789280015702,5.863415350514899e-05
41,1956.6749267578125,14.038220960378162,5.943031130684706e-05
42,1956.6957397460938,14.046046544335105,5.986674799674504e-05
43,1956.7166137695312,14.05169919305894,6.018839381720481e-05
44,1956.7374267578125,14.055767618913375,6.0423789160943144e-05
45,1956.7582397460938,14.060023494656779,6.067465920641579e-05
46,1956.7791137695312,14.064328208490785,6.0924274839136375e-05
47,1956.7999267578125,14.068837438319637,6.118908222480216e-05
48,1956.8207397460938,14.07357334321336,6.146591774060075e-05
49,1956.8416137695312,14.07834960060633,6.17469729166803e-05
50,1956.8624267578125,14.082989254558225,6.20225575703661e-05
51,1956.8832397460938,14.087935686972406,6.231460676123337e-05
52,1956.9041137695312,14.092385919490791,6.258355573619498e-05
53,1956.9249267578125,14.097090938962074,6.286228445647912e-05
54,1956.9457397460938,14.101233679839495,6.310942927824462e-05
55,1956.9666137695312,14.105141642234432,6.334377272548587e-05
56,1956.9874267578125,14.108889544314579,6.356822837539584e-05
57,1957.0082397460938,14.112639088665206,6.379495964789266e-05
58,1957.5082397460938,14.11156968692243,6.375089965720406e-05
59,1957.5291137695312,14.110152815093597,6.366319255276466e-05
60,1957.5499267578125,14.108902042122478,6.358835781325815e-05
61,1957.5707397460938,14.107829606889416,6.352255546956807e-05
62,1957.5916137695312,14.10583565070678,6.340402502988342e-05
63,1957.6124267578125,14.104599730663942,6.332829617788445e-05
64,1957.6332397460938,14.1028716356114,6.322570379201133e-05
65,1957.6541137695312,14.101462548221543,6.313993181683826e-05
66,1957.6749267578125,14.099844844265304,6.304367117241298e-05
67,1957.6957397460938,14.098325672894472,6.295252938560611e-05
68,1957.7166137695312,14.096937161416307,6.286818047535394e-05
69,1957.7374267578125,14.095429947924831,6.277751291181348e-05
70,1957.7582397460938,14.093729178594906,6.267708519911039e-05
71,1957.7791137695312,14.091997038944871,6.257483021772995e-05
72,1957.7999267578125,14.09089713339685,6.250914762551333e-05
73,1957.8207397460938,14.089227249354455,6.241069431727718e-05
74,1957.8416137695312,14.087939577468532,6.233485440718356e-05
75,1957.8624267578125,14.086236933863244,6.223692468417536e-05
76,1957.8832397460938,14.084900514376272,6.215776920630638e-05
77,1957.9041137695312,14.083401173903736,6.206941991753043e-05
78,1957.9249267578125,14.081880520356211,6.197930486736474e-05
79,1957.9457397460938,14.080610905681429,6.190387754837099e-05
80,1957.9666137695312,14.079233579686559,6.182367972548854e-05
81,1957.9874267578125,14.0777163345198,6.173808691477933e-05
82,1958.0082397460938,14.076333579628155,6.165460013055356e-05
83,1958.0291137695312,14.075237217146285,6.158943733505563e-05
84,1958.0499267578125,14.074164504094911,6.152667505907921e-05
85,1958.0707397460938,14.072790139281667,6.144498997406605e-05
86,1958.0916137695312,14.071547134774082,6.137135732858159e-05
87,1958.1124267578125,14.070095947299295,6.128935021093908e-05
88,1958.1332397460938,14.06912023826921,6.123078457694609e-05
89,1958.1541137695312,14.067693782824803,6.114804096063997e-05
90,1958.1749267578125,14.066482135722998,6.107715856948503e-05
91,1958.1957397460938,14.065303976416129,6.100910643078538e-05
92,1958.2166137695312,14.063984989518362,6.093244206653006e-05
93,1958.2374267578125,14.063003445581906,6.087785072646832e-05
94,1958.2582397460938,14.06213301368178,6.0823394933341486e-05
95,1958.2791137695312,14.060711461070607,6.074529137630855e-05
96,1958.2999267578125,14.059697700562246,6.068535256344796e-05
97,1958.3207397460938,14.058664480396203,6.0623273947032084e-05
98,1958.3416137695312,14.057371203478557,6.0547707352732535e-05
99,1958.3624267578125,14.056314709836029,6.0487889088101636e-05
100,1958.3832397460938,14.055188158195556,6.042117695433578e-05
101,1958.4041137695312,14.053835201951452,6.034637969168764e-05
102,1958.4249267578125,14.052724834061992,6.028183844990314e-05
103,1958.4457397460938,14.051867978631577,6.023333326104146e-05
104,1958.4666137695312,14.051126587069664,6.018842816339885e-05
105,1958.4874267578125,14.049919560138598,6.011847937501594e-05
106,1958.5082397460938,14.048850576577653,6.005808425222312e-05
107,1958.5291137695312,14.04786581365113,6.000046554890608e-05
108,1958.5499267578125,14.046829716369631,5.994171551963583e-05
109,1958.5707397460938,14.04597419489124,5.98912621384615e-05
110,1958.5916137695312,14.044940288849666,5.983371630437911e-05
111,1958.6124267578125,14.043553795607274,5.975731366813337e-05
112,1958.6332397460938,14.042862508560647,5.9717248930263004e-05
113,1958.6541137695312,14.04225949507457,5.967676543088999e-05
114,1958.6749267578125,14.04112559868574,5.961439378476883e-05
115,1958.6957397460938,14.040284910319068,5.956483986365023e-05
116,1958.7166137695312,14.039099524762658,5.9498198922320034e-05
117,1958.7374267578125,14.038169285778215,5.944378167251362e-05
118,1958.7582397460938,14.037140259445334,5.938593070827059e-05
119,1958.7791137695312,14.036170790340627,5.932842308332078e-05
120,1958.7999267578125,14.035513166940406,5.929180890940804e-05
121,1958.8207397460938,14.034859340826126,5.925199279231316e-05
122,1958.8416137695312,14.033842778644734,5.919496464892306e-05
123,1958.8624267578125,14.032811879474142,5.91374122686187e-05
124,1958.8832397460938,14.031938333132839,5.9086556186279964e-05
125,1958.9041137695312,14.031123415197573,5.904172437066613e-05
126,1958.9249267578125,14.03019479055598,5.898554212159045e-05
127,1958.9457397460938,14.029246806905508,5.8932279719558426e-05
128,1958.9666137695312,14.02847443486007,5.8888776608440726e-05
129,1958.9874267578125,14.027721659814146,5.884658269478503e-05
130,1959.0082397460938,14.02678679514583,5.879505858331832e-05
131,1959.0291137695312,14.026195459837446,5.875782905340605e-05
132,1959.0499267578125,14.025206834149877,5.8702083842329666e-05
133,1959.0707397460938,14.024344733241357,5.865510011169271e-05
134,1959.0916137695312,14.022522997921623,5.855501669834745e-05
135,1959.1124267578125,14.022538730702015,5.855361919052085e-05
136,1959.1332397460938,14.022147226315457,5.8528700319218875e-05
137,1959.1541137695312,14.021221252431555,5.847892685468937e-05
138,1959.1749267578125,14.020541743058084,5.84394076663178e-05
139,1959.1957397460938,14.019524576087619,5.838398430384338e-05
140,1959.2166137695312,14.011694657268396,5.7962578039597855e-05
141,1959.2374267578125,14.010256726414603,5.788134951114458e-05
142,1959.2582397460938,14.011082343242894,5.7924284592042427e-05
143,1959.2791137695312,14.016809354637472,5.823050328929837e-05
144,1959.2999267578125,14.01615198854692,5.819205394461484e-05
145,1959.3207397460938,14.015626586141906,5.816284101970931e-05
146,1959.3416137695312,14.015033519938985,5.812730773030663e-05
147,1959.3624267578125,14.010349936864364,5.787324993864003e-05
148,1959.3832397460938,14.006343007202547,5.766246752118971e-05
149,1959.4041137695312,14.000490948803009,5.7349402265927704e-05
150,1959.4249267578125,14.006218738117266,5.765224427492575e-05
151,1959.4457397460938,14.011958707050514,5.795336883314725e-05
152,1959.4666137695312,14.01141906907685,5.79217213579393e-05
153,1959.4874267578125,14.01090181309009,5.789363348527486e-05
154,1959.5082397460938,14.000915385228883,5.7361762253227506e-05
155,1959.5291137695312,13.998392507756206,5.722747530394304e-05
156,1959.5499267578125,13.997628487764182,5.7184065320957925e-05
157,1959.5707397460938,13.996106042008108,5.7104844109587316e-05
158,1959.5916137695312,14.005058880379956,5.7577292993785295e-05
159,1959.6124267578125,14.007538246425373,5.7708461011061544e-05
160,1959.6332397460938,14.00437948502467,5.753833371010746e-05
161,1959.6541137695312,13.996837299310638,5.71387511311899e-05
162,1959.6749267578125,13.995154869179672,5.7048799031658086e-05
163,1959.6957397460938,13.990266340691285,5.6792062590618284e-05
164,1959.7166137695312,13.987805420223559,5.666129484710682e-05
165,1959.7374267578125,14.000200136667953,5.7310502659637396e-05
166,1959.7582397460938,14.004265227909507,5.7520129148366614e-05
167,1959.7791137695312,14.000290295404753,5.731189740216212e-05
168,1959.7999267578125,13.997298841080276,5.7153809911316886e-05
169,1959.8207397460938,13.988099978197308,5.6669177575638814e-05
170,1959.8416137695312,13.986029152003336,5.6557796832816534e-05
171,1959.8624267578125,13.985767843831507,5.654401300775832e-05
172,1959.8832397460938,13.991838956274846,5.685533351399706e-05
173,1959.9041137695312,14.000864139323273,5.7330609375174956e-05
174,1959.9249267578125,13.99533380310733,5.7034317452905085e-05
175,1959.9457397460938,13.986597337874283,5.6577582779306635e-05
176,1959.9666137695312,13.98293735512734,5.6385675990675074e-05
177,1959.9874267578125,13.981153315948102,5.6290951293205726e-05
178,1960.0082397460938,13.976567466732513,5.6051399752156855e-05
179,1960.0291137695312,13.985414450211188,5.650825141471365e-05
180,1960.0499267578125,13.99531905091762,5.702568365709164e-05
181,1960.0707397460938,13.985285502756009,5.6498359514187667e-05
182,1960.0916137695312,13.988262673762197,5.665106518273731e-05
183,1960.1124267578125,13.982136821836535,5.6329567851564614e-05
184,1960.1332397460938,13.975217870467741,5.596933588283936e-05
185,1960.1541137695312,13.977942276789513,5.6106451918160135e-05
186,1960.1749267578125,13.98078801551704,5.624877779667242e-05
187,1960.1957397460938,13.987421862330393,5.6590246401070356e-05
188,1960.2166137695312,13.978664275039462,5.6135993466033076e-05
189,1960.2374267578125,13.974042748466754,5.589735514783595e-05
190,1960.2582397460938,13.972586113392904,5.581751804692562e-05
191,1960.2791137695312,13.971099213898778,5.5739476505389104e-05
192,1960.2999267578125,13.98012933108389,5.620069025719602e-05
193,1960.3207397460938,13.981927246156232,5.629468276906118e-05
194,1960.3416137695312,13.97281528152832,5.582185367840067e-05
195,1960.3624267578125,13.976024197408481,5.598449641850115e-05
196,1960.3832397460938,13.971855381732894,5.576717394131098e-05
197,1960.4041137695312,13.967454618973628,5.5539530244986554e-05
198,1960.4249267578125,13.967052148008905,5.551639236761325e-05
199,1960.4457397460938,13.971481916034,5.574416965286704e-05
200,1960.4666137695312,13.976412908520054,5.599294399666078e-05
201,1960.4874267578125,13.969605026518988,5.56441250111641e-05
202,1960.5082397460938,13.97422379011827,5.587845757576289e-05
203,1960.5291137695312,13.96856854413878,5.558709375338678e-05
204,1960.5499267578125,13.966018090984536,5.545439570199155e-05
205,1960.5707397460938,13.966500788665295,5.5478885945766645e-05
206,1960.5916137695312,13.972556225662377,5.578718729686484e-05
207,1960.6124267578125,13.970433428249317,5.5674772529894685e-05
208,1960.6332397460938,13.965876430912147,5.544183285411963e-05
209,1960.6541137695312,13.96800349784409,5.554779518991995e-05
210,1960.6749267578125,13.965779632293989,5.5433761256273157e-05
211,1960.6957397460938,13.963858819758027,5.533167054338647e-05
212,1960.7166137695312,13.970568899904857,5.5671683981351554e-05
213,1960.7374267578125,13.969453870980768,5.5614102516214654e-05
214,1960.7582397460938,13.964208500361549,5.534397601118813e-05
215,1960.7791137695312,13.972718439435983,5.5779123563864363e-05
216,1960.7999267578125,13.972550074227568,5.576839021778729e-05
217,1960.8207397460938,13.962395751851268,5.524686526535678e-05
218,1960.8416137695312,13.961512666778756,5.5199541649528037e-05
219,1960.8624267578125,13.962650995001479,5.525542311609802e-05
220,1960.8832397460938,13.97653951353109,5.596538864462492e-05
221,1960.9041137695312,13.965109058135372,5.5379846890034066e-05
222,1960.9249267578125,13.959582632149438,5.509681454579948e-05
223,1960.9457397460938,13.964614831811609,5.535122987676451e-05
224,1960.9666137695312,13.959986654417074,5.5113080152618936e-05
225,1960.9874267578125,13.959220400876486,5.507548280860718e-05
226,1961.0082397460938,13.96855230276981,5.5546289398976476e-05
227,1961.0291137695312,13.967116389617392,5.5473187102394066e-05
228,1961.0499267578125,13.96042153669241,5.5133394140971585e-05
229,1961.0707397460938,13.962641475275671,5.52465679840939e-05
230,1961.0916137695312,13.957241519818423,5.496823985383089e-05
231,1961.1124267578125,13.957318697740549,5.497164988349332e-05
232,1961.1332397460938,13.969254774745302,5.557484169193744e-05
233,1961.1541137695312,13.964652378619938,5.534061358159773e-05
234,1961.1749267578125,13.959439732553982,5.5076823809361635e-05
235,1961.1957397460938,13.962184902035597,5.521677997574884e-05
236,1961.2166137695312,13.956894541020105,5.4948773120245317e-05
237,1961.2374267578125,13.969056613091361,5.556680395430795e-05
238,1961.2582397460938,13.96369118935964,5.529205596719601e-05
239,1961.2791137695312,13.960181505178708,5.5113081306274544e-05
240,1961.2999267578125,13.95977928551007,5.5094312031026856e-05
241,1961.3207397460938,13.957813011522887,5.4994900183666075e-05
242,1961.3416137695312,13.956077398107581,5.4905953025221284e-05
243,1961.3624267578125,13.96445871364605,5.533092780997933e-05
244,1961.3832397460938,13.97270436105895,5.575584439674584e-05
245,1961.4041137695312,13.96299509723702,5.526320926396263e-05
246,1961.4249267578125,13.9599249282276,5.510806973615368e-05
247,1961.4457397460938,13.96094748669329,5.51623597267481e-05
248,1961.4666137695312,13.958279620985014,5.503041370675602e-05
249,1961.4874267578125,13.972969022870698,5.57809936383204e-05
250,1961.5082397460938,13.96894214008261,5.55742722100861e-05
251,1961.5291137695312,13.967066150109693,5.5482199389286686e-05
252,1961.5499267578125,13.963842382567282,5.532196094588994e-05
253,1961.5707397460938,13.972769440924626,5.5782182924013965e-05
254,1961.5916137695312,13.967934232199255,5.553837872736826e-05
255,1961.6124267578125,13.976222568165547,5.5967581086082824e-05
256,1961.6332397460938,13.975032435910979,5.591358205258775e-05
257,1961.6541137695312,13.970897304621083,5.570260769050332e-05
258,1961.6749267578125,13.974896776887174,5.5913289311333027e-05
259,1961.6957397460938,13.970135141167242,5.567460203343987e-05
260,1961.7166137695312,13.978506873087827,5.6113171613337523e-05
261,1961.7374267578125,13.99504513082033,5.697868468270159e-05
262,1961.7582397460938,13.992945116552034,5.687345468018788e-05
263,1961.7791137695312,13.984438988285053,5.643890111239491e-05
264,1961.7999267578125,13.985315647041041,5.6492893033615956e-05
265,1961.8207397460938,13.99011232075993,5.6749588384204695e-05
266,1961.8416137695312,14.000071689709317,5.728151502709751e-05
267,1961.8624267578125,14.005311546454882,5.756707650139224e-05
268,1961.8832397460938,14.001864122607193,5.739709992988395e-05
269,1961.9041137695312,14.008383488663243,5.774837344201969e-05
270,1961.9249267578125,14.01083664098817,5.788739068581565e-05
271,1961.9457397460938,14.023031505513089,5.855433867297375e-05
272,1961.9666137695312,14.02828484133478,5.8842059042902806e-05
273,1961.9874267578125,14.031812195346568,5.9045891842687694e-05
274,1962.0082397460938,14.035204844951002,5.923874098920057e-05
275,1962.0291137695312,14.038913653874312,5.9450626493811895e-05
276,1962.0499267578125,14.042212324773915,5.9640306667850075e-05
277,1962.0707397460938,14.04632244052253,5.987695482440148e-05
278,1962.0916137695312,14.050228042486339,6.010329344707515e-05
279,1962.1124267578125,14.0539539118192,6.0318036768865555e-05
280,1962.1332397460938,14.058150850897382,6.056474463988934e-05
281,1962.1541137695312,14.062433341901869,6.0812163161319084e-05
282,1962.1749267578125,14.067322204112056,6.109694482136268e-05
283,1962.1957397460938,14.071497626626925,6.134497862972305e-05
284,1962.2166137695312,14.076335023629465,6.162859198179251e-05
285,1962.2374267578125,14.081007998325546,6.1903026592487e-05
286,1962.2582397460938,14.08543526041936,6.216318108004075e-05
287,1962.2791137695312,14.090072233154821,6.243811643392984e-05
288,1962.2999267578125,14.094735519882455,6.271765025884752e-05
289,1962.3207397460938,14.098822495844974,6.2960685222428e-05
290,1962.3416137695312,14.102275195274636,6.316786885386266e-05
291,1962.3624267578125,14.106041155740275,6.339621567985496e-05
292,1962.3832397460938,14.109318345815128,6.359595536247139e-05
293,1962.4041137695312,14.112048144031233,6.376165393479885e-05
294,1962.8207397460938,14.111765197733233,6.375139681110446e-05
295,1962.8416137695312,14.110935592280986,6.370157921825174e-05
296,1962.8624267578125,14.10875536895298,6.356987530347494e-05
297,1962.8832397460938,14.107825496104383,6.351397049805669e-05
298,1962.9041137695312,14.106048640095999,6.340977469720104e-05
299,1962.9249267578125,14.104817487030834,6.333883869711253e-05
300,1962.9457397460938,14.103032768555856,6.323064448175386e-05
301,1962.9666137695312,14.101847529604113,6.315727526719929e-05
302,1962.9874267578125,14.100528896632625,6.308146300467221e-05
303,1963.0082397460938,14.098416379216918,6.295513706226129e-05
304,1963.0291137695312,14.096711011539533,6.285502288217568e-05
305,1963.0499267578125,14.095428804002212,6.277920134990093e-05
306,1963.0707397460938,14.09393670789827,6.268848660300739e-05
307,1963.0916137695312,14.092294376582682,6.25904999287277e-05
308,1963.1124267578125,14.090455219446197,6.248265061106618e-05
309,1963.1332397460938,14.088853783577411,6.238744787969573e-05
310,1963.1541137695312,14.087709061903757,6.231783375349306e-05
311,1963.1749267578125,14.086699338290606,6.225532752798778e-05
312,1963.1957397460938,14.084823587550751,6.214631414597415e-05
313,1963.2166137695312,14.083310877285914,6.205934193844664e-05
314,1963.2374267578125,14.081500840054261,6.195206950134333e-05
315,1963.2582397460938,14.08070740781811,6.190594372871622e-05
316,1963.2791137695312,14.079214069697585,6.182124591295913e-05
317,1963.2999267578125,14.077545502178126,6.172082716228272e-05
318,1963.3207397460938,14.076539925382818,6.166230956887878e-05
319,1963.3416137695312,14.074812384716704,6.155986859209298e-05
320,1963.3624267578125,14.074943689071905,6.156660899895393e-05
321,1963.3832397460938,14.072090499755033,6.14014949734016e-05
322,1963.4041137695312,14.07112738801719,6.134403725041227e-05
323,1963.4249267578125,14.069432025348515,6.12469781480641e-05
324,1963.4457397460938,14.068259251863429,6.117834765284227e-05
325,1963.4666137695312,14.066952869127462,6.110090607667019e-05
326,1963.4874267578125,14.06628090236029,6.106167389122035e-05
327,1963.5082397460938,14.065346130115513,6.1004066316616194e-05
328,1963.5291137695312,14.06385340106941,6.0920892769944045e-05
329,1963.5499267578125,14.062124712014183,6.0822604890264845e-05
330,1963.5707397460938,14.061261367982281,6.0768070790994375e-05
331,1963.5916137695312,14.060850311283492,6.074243647959966e-05
332,1963.6124267578125,14.059696106122606,6.067812953382212e-05
333,1963.6332397460938,14.058329107971758,6.059690513936389e-05
334,1963.6541137695312,14.057017902715073,6.052254713225033e-05
335,1963.6749267578125,14.055834457776232,6.045556843819847e-05
336,1963.6957397460938,14.055457233414488,6.04312273029947e-05
337,1963.7166137695312,14.054040800084028,6.034997521073043e-05
338,1963.7374267578125,14.052979909218362,6.028961798401059e-05
339,1963.7582397460938,14.051800727870468,6.022295345377088e-05
340,1963.7791137695312,14.051101015910437,6.017911811705598e-05
341,1963.7999267578125,14.050169248955278,6.0127438328861145e-05
342,1963.8207397460938,14.048780645692112,6.004869904377704e-05
343,1963.8416137695312,14.047817926623152,5.9991840480625807e-05
344,1963.8624267578125,14.047155259463683,5.9953085599443434e-05
345,1963.8832397460938,14.046427995621132,5.991368631351602e-05
346,1963.9041137695312,14.045012451658366,5.983443075691292e-05
347,1963.9249267578125,14.04465959975066,5.9809952423999716e-05
348,1963.9457397460938,14.043144476092088,5.972595494220943e-05
349,1963.9666137695312,14.042032283155798,5.9660928573236635e-05
350,1963.9874267578125,14.04152924836672,5.9629686918789646e-05
351,1964.0082397460938,14.04151288990387,5.9629185996660735e-05
352,1964.0291137695312,14.039578141591814,5.952133549748581e-05
353,1964.0499267578125,14.038446091188197,5.945727765230514e-05
354,1964.0707397460938,14.037932595347192,5.9427727699545355e-05
355,1964.0916137695312,14.037359643033273,5.939076924059747e-05
356,1964.1124267578125,14.03648098210515,5.9341518302248424e-05
357,1964.1332397460938,14.03536982318913,5.9278230217869695e-05
358,1964.1541137695312,14.034028732029142,5.92042762467775e-05
359,1964.1749267578125,14.033145508623182,5.915395149347544e-05
360,1964.1957397460938,14.033034161801499,5.914455441138782e-05
361,1964.2166137695312,14.031507486823706,5.906203550877462e-05
362,1964.2374267578125,14.03053285975862,5.9005002018641766e-05
363,1964.2582397460938,14.030181500651477,5.8983001179229634e-05
364,1964.2791137695312,14.029046973191655,5.891941475237398e-05
365,1964.2999267578125,14.028592868463434,5.8893157754067384e-05
366,1964.3207397460938,14.027174438209151,5.881280596826246e-05
367,1964.3416137695312,14.025993324368393,5.874799014335423e-05
368,1964.3624267578125,14.02560308681421,5.872342039812653e-05
369,1964.3832397460938,14.025560252241688,5.871682164862941e-05
370,1964.4041137695312,14.024371440428176,5.8651243310457175e-05
371,1964.4249267578125,14.023471769699622,5.8600390654359e-05
372,1964.4457397460938,14.021792262826128,5.851027138723594e-05
373,1964.4666137695312,14.021916628102048,5.8512341818310003e-05
374,1964.4874267578125,14.02200012904401,5.851539150013244e-05
375,1964.5082397460938,14.020529350077066,5.8434535658810293e-05
376,1964.5291137695312,14.01917999837403,5.8360799185047584e-05
377,1964.5499267578125,14.018779707806868,5.8332881852031234e-05
378,1964.5707397460938,14.018111655357345,5.8297047125732266e-05
379,1964.5916137695312,14.018103901084107,5.829570650693426e-05
380,1964.6124267578125,14.01689477884706,5.8229757105933754e-05
381,1964.6332397460938,14.016201967282523,5.8187684609012144e-05
382,1964.6541137695312,14.015471996101795,5.814901535743803e-05
383,1964.6749267578125,14.015560125033328,5.815254652464731e-05
384,1964.6957397460938,14.014321991576596,5.808405227724714e-05
385,1964.7166137695312,14.01316153997459,5.802109112079129e-05
386,1964.7374267578125,14.012689800566104,5.7993084008425594e-05
387,1964.7582397460938,14.012337345013005,5.797012231102967e-05
388,1964.7791137695312,14.012506566079717,5.797858038348241e-05
389,1964.7999267578125,14.011658848660083,5.793252810951517e-05
390,1964.8207397460938,14.010674871251334,5.7880578919187465e-05
391,1964.8416137695312,14.01013809674179,5.78453418528375e-05
392,1964.8624267578125,14.00944677611076,5.780744239327163e-05
393,1964.8832397460938,14.008973606300085,5.77802998782613e-05
394,1964.9041137695312,14.009271457254906,5.779498606939367e-05
395,1964.9249267578125,14.007786265967315,5.771512225748054e-05
396,1964.9457397460938,14.007703484266742,5.771115371859103e-05
397,1964.9666137695312,14.008209417285068,5.773640601433328e-05
398,1964.9874267578125,14.007273532278521,5.7684511121440384e-05
399,1965.0082397460938,14.005791348877455,5.76036185494866e-05
400,1965.0291137695312,14.005567403423056,5.759221492665512e-05
401,1965.0499267578125,14.00571165698767,5.759920767399605e-05
402,1965.0707397460938,14.005438528291645,5.758069485772487e-05
403,1965.0916137695312,14.004764688696332,5.754290198481391e-05
404,1965.1124267578125,13.999545541909203,5.7263889624854595e-05
405,1965.1332397460938,14.003231037738033,5.74608243785063e-05
406,1965.1541137695312,14.003486297655304,5.747138806146471e-05
407,1965.1749267578125,14.003181691023881,5.745065068943084e-05
408,1965.1957397460938,14.002434772472846,5.741040077774951e-05
409,1965.2166137695312,13.998320782693863,5.7192662443138854e-05
410,1965.2374267578125,14.001541276340156,5.7359488381555463e-05
411,1965.2582397460938,14.00058892882125,5.7309517874100756e-05
412,1965.2791137695312,14.00047523581371,5.729912186872557e-05
413,1965.2999267578125,13.999476623920735,5.7241799494273264e-05
414,1965.3207397460938,13.998940210392274,5.721413409102826e-05
415,1965.3416137695312,13.9986962481382,5.720187795161232e-05
416,1965.3624267578125,13.997972403847823,5.716122632899756e-05
417,1965.3832397460938,13.992172810905494,5.685769633758664e-05
418,1965.4041137695312,13.994565589054078,5.698207239706666e-05
419,1965.4249267578125,13.996305379333627,5.7065082888958836e-05
420,1965.4457397460938,13.99670045539182,5.7083884119472995e-05
421,1965.4666137695312,13.995755296482379,5.703201732351821e-05
422,1965.4874267578125,13.99105733724997,5.678507837893546e-05
423,1965.5082397460938,13.993254269918728,5.6898549198751e-05
424,1965.5291137695312,13.993636049210089,5.691526569229786e-05
425,1965.5499267578125,13.992419311851059,5.6852134883359165e-05
426,1965.5707397460938,13.992950471872255,5.6878912832795816e-05
427,1965.5916137695312,13.98975870049136,5.6706863399401896e-05
428,1965.6124267578125,13.991188140764992,5.677752788036901e-05
429,1965.6332397460938,13.990839779640272,5.6758400620228764e-05
430,1965.6541137695312,13.99014208940115,5.672116428462911e-05
431,1965.6749267578125,13.989270512956198,5.667127202196927e-05
432,1965.6957397460938,13.985408372612527,5.646800028153788e-05
433,1965.7166137695312,13.987682414245775,5.6582003777594775e-05
434,1965.7374267578125,13.98814056379012,5.660433218494165e-05
435,1965.7582397460938,13.987127746847486,5.655114481078635e-05
436,1965.7791137695312,13.982015053022874,5.628146287047995e-05
437,1965.7999267578125,13.984938754630454,5.643280019347395e-05
438,1965.8207397460938,13.986228716892333,5.649731724966968e-05
439,1965.8416137695312,13.986037669970335,5.648649158363316e-05
440,1965.8624267578125,13.97870771197156,5.610427310702672e-05
441,1965.8832397460938,13.984977745636813,5.642917671673707e-05
442,1965.9041137695312,13.983661842863743,5.6357754119358074e-05
443,1965.9249267578125,13.984265043489247,5.638780783065508e-05
444,1965.9457397460938,13.978545331456143,5.60924035270176e-05
445,1965.9666137695312,13.983130447570773,5.632364880611478e-05
446,1965.9874267578125,13.979018454531815,5.61085257072861e-05
447,1966.0082397460938,13.982265933816103,5.627664929692702e-05
448,1966.0291137695312,13.979916594551302,5.615243729046987e-05
449,1966.0499267578125,13.972947367683759,5.5792740984580874e-05
450,1966.0707397460938,13.97553782430548,5.592294249080863e-05
451,1966.0916137695312,13.977787283522122,5.6042126281786585e-05
452,1966.1124267578125,13.980483881154932,5.6177327780273086e-05
453,1966.1332397460938,13.978001805592838,5.604490007372989e-05
454,1966.1541137695312,13.977466775003276,5.60159543184368e-05
455,1966.1749267578125,13.97635553978177,5.595955883153284e-05
456,1966.1957397460938,13.979558833781512,5.612010964367643e-05
457,1966.2166137695312,13.979815517947268,5.6130722212209686e-05
458,1966.2374267578125,13.975274282717967,5.5895306742733745e-05
459,1966.2582397460938,13.979145830640427,5.6093008923320104e-05
460,1966.2791137695312,13.977069208180538,5.5986433287392235e-05
461,1966.2999267578125,13.977367854441297,5.60011798705455e-05
462,1966.3207397460938,13.976891613319168,5.597358032038792e-05
463,1966.3416137695312,13.973486879146547,5.57999762215277e-05
464,1966.3624267578125,13.97277960918736,5.5758911328535805e-05
465,1966.3832397460938,13.977145886342912,5.598479678123973e-05
466,1966.4041137695312,13.969051582748651,5.556771561828076e-05
467,1966.4249267578125,13.971886412324986,5.571055139939284e-05
468,1966.4457397460938,13.971454135588521,5.568585276179566e-05
469,1966.4666137695312,13.975995539226655,5.591680068592222e-05
470,1966.4874267578125,13.97534640855735,5.588195361350696e-05
471,1966.50830078125,13.97360667615306,5.579372948419656e-05
472,1966.5291137695312,13.969363238803819,5.557627577377959e-05
473,1966.5499877929688,13.972868247969625,5.575468909369925e-05
474,1966.57080078125,13.976085421085259,5.592078178094132e-05
475,1966.5916137695312,13.968516943297464,5.5532757830776244e-05
476,1966.6124877929688,13.971465050860745,5.568120268978998e-05
477,1966.63330078125,13.968187861506092,5.551503078938867e-05
478,1966.6541137695312,13.97510373556211,5.587045346015029e-05
479,1966.6749877929688,13.974079002045572,5.5819941408879815e-05
480,1966.69580078125,13.967814334824613,5.5497787871477e-05
481,1966.7166137695312,13.970152671038976,5.561786015205237e-05
482,1966.7374877929688,13.967396300017459,5.547850878145436e-05
483,1966.75830078125,13.968940215048416,5.555929210901852e-05
484,1966.7791137695312,13.978941897660313,5.6074322122240244e-05
485,1966.7999877929688,13.969386064428626,5.558652902801107e-05
486,1966.82080078125,13.967352853507244,5.548400273026947e-05
487,1966.8416137695312,13.969091821698152,5.5572917874099984e-05
488,1966.8624877929688,13.981209248115386,5.619700366686338e-05
489,1966.88330078125,13.972611685935297,5.5761268740006204e-05
490,1966.9041137695312,13.9707749463637,5.567011027898748e-05
491,1966.9249877929688,13.971284183894646,5.5702339908685694e-05
492,1966.94580078125,13.984336031319234,5.637625761382788e-05
493,1966.9666137695312,13.985444187530947,5.6438821203817964e-05
494,1966.9874877929688,13.977447468421891,5.602750741385092e-05
495,1967.00830078125,13.982311356074348,5.62836790460266e-05
496,1967.0291137695312,13.98327090443527,5.6338723674278605e-05
497,1967.0499877929688,13.992182885400922,5.680871773592481e-05
498,1967.07080078125,13.98690662016772,5.65398392042286e-05
499,1967.0916137695312,13.98852427931332,5.663468284749678e-05
500,1967.1124877929688,13.989180172907812,5.6673546570930074e-05
501,1967.13330078125,13.999655244331986,5.722663329573678e-05
502,1967.1541137695312,14.001881717812084,5.7352157651213165e-05
503,1967.1749877929688,14.002209978500604,5.738032119766059e-05
504,1967.19580078125,14.00314895590752,5.743704387072087e-05
505,1967.2166137695312,14.009476722853217,5.7778771014592627e-05
506,1967.2374877929688,14.012481034385779,5.794653648675658e-05
507,1967.25830078125,14.015320788817567,5.8108346597388885e-05
508,1967.2791137695312,14.018769754307389,5.8301875182505144e-05
509,1967.2999877929688,14.021602676023653,5.846325050345577e-05
510,1967.32080078125,14.025407602563973,5.8680665545794854e-05
511,1967.3416137695312,14.028381946480128,5.884864023744498e-05
512,1967.3624877929688,14.032642510657185,5.908863757290818e-05
513,1967.38330078125,14.035588581824832,5.925737430526665e-05
514,1967.4041137695312,14.039875786085076,5.9503985798068755e-05
515,1967.4249877929688,14.042327363458952,5.96460893076262e-05
516,1967.44580078125,14.046730991669483,5.989931205042713e-05
517,1967.4666137695312,14.050847186916577,6.0137564443316085e-05
518,1967.4874877929688,14.05514126905108,6.038352724239928e-05
519,1967.50830078125,14.059648092787159,6.0645435250563814e-05
520,1967.5291137695312,14.062614111080096,6.0820999448853746e-05
521,1967.5499877929688,14.067565551317536,6.110835431067693e-05
522,1967.57080078125,14.072895484904523,6.142058081531341e-05
523,1967.5916137695312,14.077868322319937,6.171163884611986e-05
524,1967.6124877929688,14.082302627169614,6.197424925496747e-05
525,1967.63330078125,14.086139297105847,6.220566560427334e-05
526,1967.6541137695312,14.091358579094448,6.25137060684995e-05
527,1967.6749877929688,14.096541514126365,6.28194734979064e-05
528,1967.69580078125,14.100385510157619,6.30515722279266e-05
529,1967.7166137695312,14.101423594121634,6.311703589121154e-05
530,1967.7374877929688,14.106098269756792,6.339909066607673e-05
531,1967.75830078125,14.11017623251535,6.364295892484992e-05
532,1967.7791137695312,14.112811671476468,6.380066925016236e-05
533,1968.1541137695312,14.110422332049398,6.367006550790496e-05
534,1968.1749877929688,14.109718760331763,6.36262041403263e-05
535,1968.19580078125,14.108950823748613,6.357982450845029e-05
536,1968.2166137695312,14.10745701716527,6.349061553714457e-05
537,1968.2374877929688,14.106653430074727,6.343880761080099e-05
538,1968.25830078125,14.10530103843291,6.335802165902889e-05
539,1968.2791137695312,14.101630460413455,6.314235922133576e-05
540,1968.2999877929688,14.101599811920929,6.31390514495424e-05
541,1968.32080078125,14.099521382474558,6.301708411584063e-05
542,1969.2791137695312,14.03666356735971,5.9388699810164984e-05
543,1969.2999877929688,14.036373580978745,5.937177441410023e-05
544,1969.32080078125,14.035745078261497,5.9335910068598653e-05
545,1969.3416137695312,14.035280146488303,5.930765125899233e-05
546,1969.3624877929688,14.016006282959115,5.826148103752069e-05
547,1969.38330078125,14.012571784314387,5.80757656138945e-05
548,1969.4041137695312,14.013423312885838,5.8120028048893373e-05
549,1969.4249877929688,14.004987526218226,5.7664311249682e-05
550,1969.44580078125,13.996210158477936,5.7196770018550996e-05
551,1969.4666137695312,13.996597576713384,5.7216090001405446e-05
552,1969.4874877929688,14.002253962248872,5.7512209029827634e-05
553,1969.50830078125,14.001461234089545,5.746681401380466e-05
554,1969.5291137695312,13.995730984639488,5.716287864171855e-05
555,1969.5499877929688,13.988453401827236,5.6776198557885127e-05
556,1969.57080078125,13.989753313544583,5.6844000849923776e-05
557,1969.5916137695312,13.996592382251901,5.7197987547887746e-05
558,1969.6124877929688,13.997041460871685,5.721806531133533e-05
559,1969.63330078125,13.986415499262916,5.66584539286077e-05
560,1969.6541137695312,13.985493786128153,5.660780198686276e-05
561,1969.6749877929688,13.986116588092475,5.663745916010079e-05
562,1969.69580078125,13.990886066063206,5.688429543301307e-05
563,1969.7166137695312,13.98833954217168,5.674988259753912e-05
564,1969.7374877929688,13.982705115389884,5.6455173290948276e-05
565,1969.75830078125,13.980659116909553,5.6342130005061834e-05
566,1969.7791137695312,13.986189906447562,5.662750978528454e-05
567,1969.7999877929688,13.978760139410964,5.623883111615942e-05
568,1969.82080078125,13.97727818545758,5.615891447892637e-05
569,1969.8416137695312,13.976667319503713,5.612413579850548e-05
570,1969.8624877929688,13.976392172237635,5.610740427806093e-05
571,1969.88330078125,13.981097777649277,5.635090110374177e-05
572,1969.9041137695312,13.973147926166536,5.593672876906017e-05
573,1969.9249877929688,13.972935751703526,5.592474906348878e-05
574,1969.94580078125,13.978216967737653,5.619468698674933e-05
575,1969.9666137695312,13.979132846350439,5.6238445800547796e-05
576,1969.9874877929688,13.97266748212661,5.590521470701217e-05
577,1970.00830078125,13.970329726385202,5.578140339966035e-05
578,1970.0291137695312,13.976457280610829,5.609647730098372e-05
579,1970.0499877929688,13.975486618167695,5.6043736555948955e-05
580,1970.07080078125,13.968990142718157,5.5708520222490515e-05
581,1970.0916137695312,13.96807409247697,5.566142463066105e-05
582,1970.1124877929688,13.968540226292806,5.568000347444543e-05
583,1970.13330078125,13.969742644108962,5.5739503082416955e-05
584,1970.1541748046875,13.969436033015214,5.572478991097495e-05
585,1970.1749877929688,13.966218989537643,5.555606327919228e-05
586,1970.1958618164062,13.964013460431524,5.544112631558312e-05
587,1970.2166748046875,13.968339355385439,5.56587982568137e-05
588,1970.2374877929688,13.971863643846035,5.5838816476778083e-05
589,1970.2583618164062,13.964129019386311,5.543921482106402e-05
590,1970.2791748046875,13.963434119824816,5.540307526024558e-05
591,1970.2999877929688,13.966286119138514,5.554631471579766e-05
592,1970.3208618164062,13.969190039194185,5.569183454391267e-05
593,1970.3416748046875,13.963050664769623,5.537921548670795e-05
594,1970.3624877929688,13.960973680442567,5.52713761884502e-05
595,1970.3833618164062,13.963100456813024,5.537757655544649e-05
596,1970.4041748046875,13.964500936661429,5.544819984761719e-05
597,1970.4249877929688,13.963071717839851,5.5372724093639775e-05
598,1970.4458618164062,13.960307186632376,5.523045830093137e-05
599,1970.4666748046875,13.95827144082751,5.5123635394120145e-05
600,1970.4874877929688,13.962356362256694,5.533161459602557e-05
601,1970.5083618164062,13.964293200885546,5.542869472023344e-05
602,1970.5291748046875,13.957581332367962,5.5085525355182966e-05
603,1970.5499877929688,13.957067710221112,5.5059363194606716e-05
604,1970.5708618164062,13.958144636006844,5.51072746936136e-05
605,1970.5916748046875,13.959109612505799,5.5153271914253536e-05
606,1970.6124877929688,13.960733100953945,5.5234153190910064e-05
607,1970.6333618164062,13.95742697218553,5.5063601160518194e-05
608,1970.6541748046875,13.957733603881533,5.50801838524324e-05
609,1970.6749877929688,13.962558656952124,5.532206070349732e-05
610,1970.6958618164062,13.958453378304444,5.5112475051969025e-05
611,1970.7166748046875,13.95459986323993,5.491326086859808e-05
612,1970.7374877929688,13.956392578142141,5.500389208538333e-05
613,1970.7583618164062,13.960281308010956,5.519785912674642e-05
614,1970.7791748046875,13.957937057915036,5.507580275855235e-05
615,1970.7999877929688,13.953238973389247,5.483461657279684e-05
616,1970.8208618164062,13.957089373897462,5.502762229121247e-05
617,1970.8416748046875,13.959154176628273,5.512947515934075e-05
618,1970.8624877929688,13.958188716632137,5.50782814927793e-05
619,1970.8833618164062,13.952534972126676,5.4791518096502465e-05
620,1970.9041748046875,13.950960849027048,5.470873834643399e-05
621,1970.9249877929688,13.953001973697663,5.481018248042204e-05
622,1970.9458618164062,13.95427015391326,5.487079258811542e-05
623,1970.9666748046875,13.95049880000444,5.4678399879186906e-05
624,1970.9874877929688,13.950887616411087,5.469453741912638e-05
625,1971.0083618164062,13.950742779685047,5.4684991765481216e-05
626,1971.0291748046875,13.951648065358535,5.472841245657236e-05
627,1971.0499877929688,13.950590524888005,5.467702707607928e-05
628,1971.0708618164062,13.946397405460969,5.446451645778258e-05
629,1971.0916748046875,13.948036321793168,5.454351626060246e-05
630,1971.1124877929688,13.950100504819048,5.464267964699424e-05
631,1971.1333618164062,13.951437520632656,5.4711171005480716e-05
632,1971.1541748046875,13.946385852839128,5.445986135473398e-05
633,1971.1749877929688,13.947210749561643,5.449810266696183e-05
634,1971.1958618164062,13.950071632671488,5.463657879760137e-05
635,1971.2166748046875,13.948731145497593,5.456606718067155e-05
636,1971.2374877929688,13.951618838909706,5.4708676250690996e-05
637,1971.2583618164062,13.952314333062573,5.474356134709886e-05
638,1971.2791748046875,13.946317604588215,5.4438757140041184e-05
639,1971.2999877929688,13.945473160787945,5.4397873799911484e-05
640,1971.3208618164062,13.952689204938684,5.475576243022366e-05
641,1971.3416748046875,13.953382093740723,5.479121357470988e-05
642,1971.3624877929688,13.949210796947574,5.4579249996302516e-05
643,1971.3833618164062,13.944625418590132,5.434618306971891e-05
644,1971.4041748046875,13.944913489983906,5.436006710579106e-05
645,1971.4249877929688,13.955654037381374,5.489801811384918e-05
646,1971.4458618164062,13.946944599588367,5.446096514048518e-05
647,1971.4666748046875,13.9471221200911,5.446234315022756e-05
648,1971.4874877929688,13.943828749578014,5.429661948440024e-05
649,1971.5083618164062,13.95553266295163,5.4880433898503136e-05
650,1971.5291748046875,13.946232885447337,5.440965608179407e-05
651,1971.5499877929688,13.945791034767586,5.438593873048954e-05
652,1971.5708618164062,13.9425601456211,5.42222218038655e-05
653,1971.5916748046875,13.950977616743577,5.464352739379431e-05
654,1971.6124877929688,13.945961069060779,5.439123786597107e-05
655,1971.6333618164062,13.94487901210519,5.4335395490197775e-05
656,1971.6541748046875,13.944153324517943,5.429687142176308e-05
657,1971.6749877929688,13.942964535217495,5.423553761791189e-05
658,1971.6958618164062,13.953253149441132,5.475208088608512e-05
659,1971.7166748046875,13.947162672377116,5.444217876136674e-05
660,1971.7374877929688,13.94385250015358,5.427822662854914e-05
661,1971.7583618164062,13.942715269377551,5.422103868903365e-05
662,1971.7791748046875,13.948601356745716,5.451456319227588e-05
663,1971.7999877929688,13.94496018760244,5.433242588027109e-05
664,1971.8208618164062,13.944142601999317,5.42905049282648e-05
665,1971.8416748046875,13.942282091661443,5.419682763423351e-05
666,1971.8624877929688,13.94623802315654,5.439494726828908e-05
667,1971.8833618164062,13.945337136018331,5.4347497668270655e-05
668,1971.9041748046875,13.943017452384641,5.4232746056451574e-05
669,1971.9249877929688,13.941681599813819,5.4165953107567785e-05
670,1971.9458618164062,13.94230137998807,5.4195546940284464e-05
671,1971.9666748046875,13.951108385531118,5.4634609763323864e-05
672,1971.9874877929688,13.94553311795424,5.4356155919572e-05
673,1972.0083618164062,13.941567843980838,5.4157154713395005e-05
674,1972.0291748046875,13.941567287681977,5.415591649624494e-05
675,1972.0499877929688,13.952331041052084,5.4697208846212176e-05
676,1972.0708618164062,13.946372414453723,5.439804571950427e-05
677,1972.0916748046875,13.943558919202058,5.4259462968513654e-05
678,1972.1124877929688,13.943208102878582,5.424269837716027e-05
679,1972.1333618164062,13.952283184442688,5.469946851179031e-05
680,1972.1541748046875,13.943784870415568,5.427646060332124e-05
681,1972.1749877929688,13.945226740824422,5.4349601820035556e-05
682,1972.1958618164062,13.942484659829235,5.421568155532895e-05
683,1972.2166748046875,13.947699379132079,5.447841139652422e-05
684,1972.2374877929688,13.945044771882126,5.434703276000345e-05
685,1972.2583618164062,13.945711209946989,5.43840437997456e-05
686,1972.2791748046875,13.946816166499046,5.444277966118779e-05
687,1972.2999877929688,13.94517465633588,5.436192809261296e-05
688,1972.3208618164062,13.954749478851323,5.4848982528109607e-05
689,1972.3416748046875,13.947334365968185,5.4478688877358995e-05
690,1972.3624877929688,13.94982726482306,5.461107825764126e-05
691,1972.3833618164062,13.947792108495799,5.4512589706804665e-05
692,1972.4041748046875,13.954637235612076,5.486269057963084e-05
693,1972.4249877929688,13.954778097364278,5.4875584495179815e-05
694,1972.4458618164062,13.951691384414149,5.4723990326131665e-05
695,1972.4666748046875,13.950819994120604,5.468593508024954e-05
696,1972.4874877929688,13.957167658803865,5.501412560909927e-05
697,1972.5083618164062,13.963374854573022,5.5335016547092775e-05
698,1972.5291748046875,13.961621849663365,5.525452252786808e-05
699,1972.5499877929688,13.959771671766637,5.5168850374424e-05
700,1972.5708618164062,13.958314096715243,5.51004181256301e-05
701,1972.5916748046875,13.973267905700112,5.587208909057693e-05
702,1972.6124877929688,13.971265546543243,5.57762341760411e-05
703,1972.6333618164062,13.975595224458404,5.6010006932354e-05
704,1972.6541748046875,13.972624891329433,5.586471716283303e-05
705,1972.6749877929688,13.987900282174433,5.666683859312447e-05
706,1972.6958618164062,13.994256387550298,5.700652004807361e-05
707,1972.7166748046875,13.992651138351277,5.693161445324103e-05
708,1972.7374877929688,13.994803421603926,5.705464257167357e-05
709,1972.7583618164062,14.00276753300384,5.7487993642231416e-05
710,1972.7791748046875,14.01323758648591,5.805172195305804e-05
711,1972.7999877929688,14.013741854875713,5.808495432948487e-05
712,1972.8208618164062,14.018693986437611,5.836025694621569e-05
713,1972.8416748046875,14.029539393184477,5.895454537717276e-05
714,1972.8624877929688,14.047477081019029,5.994613070697064e-05
715,1972.8833618164062,14.051972251121455,6.020680067182723e-05
716,1972.9041748046875,14.053914866442238,6.032467033049957e-05
717,1972.9249877929688,14.063808019320048,6.0888961365570766e-05
718,1972.9458618164062,14.069082102136814,6.119433048954535e-05
719,1972.9666748046875,14.07333237971138,6.144343307244382e-05
720,1972.9874877929688,14.07775295676327,6.170525689985041e-05
721,1973.0083618164062,14.082143718988874,6.196433590898114e-05
722,1973.0291748046875,14.08669437908926,6.223388509183713e-05
723,1973.0499877929688,14.090512057632674,6.245775962968869e-05
724,1973.0708618164062,14.0938994557969,6.266657253021378e-05
725,1973.0916748046875,14.097172643883496,6.285972651899037e-05
726,1973.1124877929688,14.100643261323622,6.306864775680291e-05
727,1973.1333618164062,14.103690669703141,6.325295180782658e-05
728,1973.1541748046875,14.106035694728588,6.339190891047247e-05
729,1973.1749877929688,14.108411988976517,6.353278878759737e-05
730,1973.1958618164062,14.109419483612548,6.36013704299219e-05
731,1973.2166748046875,14.11159909028948,6.372658558448481e-05
732,1973.2374877929688,14.112392490241874,6.377370897294834e-05
733,1973.2583618164062,14.112663933126196,6.37914437185033e-05
734,1973.3416748046875,14.11289368394288,6.380693344224107e-05
735,1973.3624877929688,14.112821208971603,6.380413030926087e-05
736,1973.3833618164062,14.112888980891455,6.380469861969753e-05
737,1973.4041748046875,14.111575274787574,6.372915954522306e-05
738,1973.4249877929688,14.110912058679379,6.368892144861265e-05
739,1973.4458618164062,14.109383872108708,6.359545299700581e-05
740,1973.4666748046875,14.108657974360744,6.355134796023623e-05
741,1973.4874877929688,14.108098529040268,6.351931834331151e-05
742,1973.5083618164062,14.106567725784904,6.342812226803889e-05
743,1973.5291748046875,14.105772474304757,6.337878185438958e-05
744,1973.5499877929688,14.10386257148149,6.326219065977442e-05
745,1973.5708618164062,14.103348608508764,6.323182838763445e-05
746,1973.5916748046875,14.101303188787869,6.311335278466456e-05
747,1973.6124877929688,14.099824907631024,6.30263987205119e-05
748,1973.6333618164062,14.098151916651181,6.292546005893914e-05
749,1973.6541748046875,14.096840275349411,6.284679634330322e-05
750,1973.6749877929688,14.095885391054118,6.278880727804881e-05
751,1973.6958618164062,14.094171391699653,6.26871802532754e-05
752,1973.7166748046875,14.09243258381644,6.258425579430168e-05
753,1973.7374877929688,14.090889563755503,6.249432281584883e-05
754,1973.7583618164062,14.090277435736912,6.245480672107385e-05
755,1973.7791748046875,14.088332334918627,6.234067583197917e-05
756,1973.7999877929688,14.086657659034852,6.224399314091485e-05
757,1973.8208618164062,14.085139663131429,6.215452084502529e-05
758,1973.8416748046875,14.084332456682576,6.210180975883246e-05
759,1973.8624877929688,14.082438539235254,6.199239075778275e-05
760,1973.8833618164062,14.080682326149665,6.189199174360099e-05
761,1973.9041748046875,14.079141493656259,6.180226174549941e-05
762,1973.9249877929688,14.078560939989123,6.17659914312135e-05
763,1973.9458618164062,14.076973353470349,6.167247044650792e-05
764,1973.9667358398438,14.075191438083246,6.156954950322425e-05
765,1973.987548828125,14.073906996051864,6.149488721373103e-05
766,1974.0083618164062,14.07249406357101,6.141160831489038e-05
767,1974.0292358398438,14.071628161141927,6.136222956117037e-05
768,1974.050048828125,14.069838696738202,6.125794064304046e-05
769,1974.0708618164062,14.06849641430508,6.117822762988861e-05
770,1974.0917358398438,14.067467827810107,6.111980037345498e-05
771,1974.112548828125,14.066613105838224,6.106751363545753e-05
772,1974.1333618164062,14.064989613981966,6.0975408738255784e-05
773,1974.1542358398438,14.06353894725714,6.088979920295626e-05
774,1974.175048828125,14.062305753538476,6.0819746798398906e-05
775,1974.1958618164062,14.061532810401692,6.0774014834409266e-05
776,1974.2167358398438,14.060103543825944,6.0693306671786635e-05
777,1974.237548828125,14.059165341659568,6.063636606787215e-05
778,1974.2583618164062,14.057681693527407,6.05527232268247e-05
779,1974.2792358398438,14.056678427710551,6.0492507951366396e-05
780,1974.300048828125,14.0559248340251,6.044847465045487e-05
781,1974.3208618164062,14.05445490989736,6.036319574340712e-05
782,1974.3417358398438,14.053441613304495,6.030273933905771e-05
783,1974.362548828125,14.052328790042788,6.024076856328422e-05
784,1974.3833618164062,14.051583235019956,6.019831043787307e-05
785,1974.4042358398438,14.050620872603508,6.014027221874921e-05
786,1974.425048828125,14.049244175034106,6.006384177820888e-05
787,1974.4458618164062,14.048446791733971,6.001665403859946e-05
788,1974.4667358398438,14.047235607194173,5.994919925100148e-05
789,1974.487548828125,14.046586702170972,5.991159190445285e-05
790,1974.5083618164062,14.045427790041582,5.9844712068510525e-05
791,1974.5292358398438,14.041599957894505,5.96327996428472e-05
792,1974.550048828125,14.042162768442882,5.96615939546091e-05
793,1974.5708618164062,14.042742116765766,5.9690118786880166e-05
794,1974.5917358398438,14.042135859742697,5.965411502819106e-05
795,1974.612548828125,14.036233981802816,5.932946336548e-05
796,1974.6333618164062,14.03776294353091,5.941021129494952e-05
797,1974.6542358398438,14.03900408832132,5.947639445494863e-05
798,1974.675048828125,14.037919220961289,5.941588196613661e-05
799,1974.6958618164062,14.0352236718028,5.926371310784203e-05
800,1974.7167358398438,14.025635208750462,5.874175440250206e-05
801,1974.737548828125,14.028262399825405,5.888569457344717e-05
802,1974.7583618164062,14.034504699478678,5.922144927459206e-05
803,1974.7792358398438,14.033066962162888,5.9141387096467465e-05
804,1974.800048828125,14.021107881745156,5.8492078811627765e-05
805,1974.8208618164062,14.015317310552124,5.817565581191212e-05
806,1974.8417358398438,14.031264675237342,5.903371923657995e-05
807,1974.862548828125,14.026221268727998,5.875955935502637e-05
808,1974.8833618164062,14.016992852225307,5.825968786889386e-05
809,1974.9042358398438,14.014635505108732,5.812975899294609e-05
810,1974.925048828125,14.019424728224964,5.838335720860518e-05
811,1974.9458618164062,14.026342315758662,5.87551357115429e-05
812,1974.9667358398438,14.005149424844262,5.761962498705591e-05
813,1974.987548828125,14.003554710030055,5.753036746750804e-05
814,1975.0083618164062,14.005205296698673,5.761545424493777e-05
815,1975.0292358398438,14.013205204990902,5.8040474214533317e-05
816,1975.050048828125,13.999237534443957,5.7295002280925604e-05
817,1975.0708618164062,13.99836959135128,5.724894790856674e-05
818,1975.0917358398438,13.998939613688957,5.727482844185972e-05
819,1975.112548828125,14.016030454686653,5.8184115811743236e-05
820,1975.1333618164062,14.003229354784935,5.7499864098144965e-05
821,1975.1542358398438,13.994619256316119,5.70443014948242e-05
822,1975.175048828125,13.990257204937137,5.6810669723224726e-05
823,1975.1958618164062,14.004207535993054,5.7544539846234166e-05
824,1975.2167358398438,14.003955937503743,5.7528545028619576e-05
825,1975.237548828125,13.991334001906173,5.685912534127861e-05
826,1975.2583618164062,13.985329893753887,5.654708858933743e-05
827,1975.2792358398438,13.995607144888332,5.7079365879153906e-05
828,1975.300048828125,13.996516754317796,5.712540074418521e-05
829,1975.3208618164062,13.987532407286114,5.6653150444877016e-05
830,1975.3417358398438,13.9829669775484,5.641310339248589e-05
831,1975.362548828125,13.979630801515047,5.6237980633802545e-05
832,1975.3833618164062,13.996453934228686,5.7113716393419034e-05
833,1975.4042358398438,13.986237687473107,5.657795875638283e-05
834,1975.425048828125,13.981087439606679,5.6309301066940054e-05
835,1975.4458618164062,13.975698533745039,5.602780328964232e-05
836,1975.4667358398438,13.99392863581602,5.697236251874879e-05
837,1975.487548828125,13.979458357100492,5.6215863699658386e-05
838,1975.5083618164062,13.972325556367489,5.584751608131752e-05
839,1975.5292358398438,13.973137218555332,5.588462928013444e-05
840,1975.550048828125,13.981158225655982,5.629854688974375e-05
841,1975.5708618164062,13.980092956263022,5.6244512661741135e-05
842,1975.5917358398438,13.972592607740504,5.5854827867288615e-05
843,1975.612548828125,13.97505068580643,5.597878187560888e-05
844,1975.6333618164062,13.983156501512601,5.639846300549909e-05
845,1975.6542358398438,13.975580302639163,5.6002859679989336e-05
846,1975.675048828125,13.977561431975772,5.6105174572392104e-05
847,1975.6958618164062,13.976558330429743,5.6051637734439655e-05
848,1975.7167358398438,13.972542208485972,5.584345062948645e-05
849,1975.737548828125,13.98250617876811,5.6356248368855336e-05
850,1975.7583618164062,13.97327704496216,5.5880658398981385e-05
851,1975.7792358398438,13.970661423502452,5.573966549346562e-05
852,1975.800048828125,13.965033112263795,5.545168071471906e-05
853,1975.8208618164062,13.976029795620786,5.6011118887094454e-05
854,1975.8417358398438,13.969614364913731,5.568398306947146e-05
855,1975.862548828125,13.962570761443194,5.532195501898407e-05
856,1975.8833618164062,13.964562448719303,5.5419268571960596e-05
857,1975.9042358398438,13.971364392195245,5.576666459834527e-05
858,1975.925048828125,13.97200074274228,5.5797192978685835e-05
859,1975.9458618164062,13.96199697964116,5.528500767185597e-05
860,1975.9667358398438,13.965558092929271,5.5464351565623926e-05
861,1975.987548828125,13.968064885130438,5.55927358914895e-05
862,1976.0083618164062,13.964684814902345,5.541606315023778e-05
863,1976.0292358398438,13.964323477393165,5.539821563906244e-05
864,1976.050048828125,13.960629195129297,5.5207183335949634e-05
865,1976.0708618164062,13.962993822240747,5.53242314878224e-05
866,1976.0917358398438,13.967629485996182,5.555970348297846e-05
867,1976.112548828125,13.970096981466332,5.56820637205328e-05
868,1976.1333618164062,13.958912013643372,5.511148284884978e-05
869,1976.1542358398438,13.961755766503888,5.525435646386209e-05
870,1976.175048828125,13.962044683312199,5.526673718560352e-05
871,1976.1958618164062,13.961505757260184,5.5233310827168696e-05
872,1976.2167358398438,13.958798415433067,5.509308109527585e-05
873,1976.237548828125,13.961941758049864,5.5250107068595886e-05
874,1976.2583618164062,13.962163272728159,5.526240245309025e-05
875,1976.2792358398438,13.959583149522523,5.512978077153532e-05
876,1976.300048828125,13.953062624635107,5.479802086563464e-05
877,1976.3208618164062,13.9529317877976,5.478801038680021e-05
878,1976.3417358398438,13.953450981673079,5.481558214734827e-05
879,1976.362548828125,13.961557160176044,5.522103476922049e-05
880,1976.3833618164062,13.950030089113906,5.463776546470395e-05
881,1976.4042358398438,13.952420554602616,5.4756210643665165e-05
882,1976.425048828125,13.951354629788295,5.4700646400796016e-05
883,1976.4458618164062,13.954233782108583,5.4841729652605194e-05
884,1976.4667358398438,13.950017328215843,5.4628208969823534e-05
885,1976.487548828125,13.952178838385542,5.4736601357069134e-05
886,1976.5083618164062,13.949876510597381,5.461807927088861e-05
887,1976.5292358398438,13.9547028610236,5.4859473979329355e-05
888,1976.550048828125,13.952801344533022,5.476130985190581e-05
889,1976.5708618164062,13.947710760796234,5.450463918747214e-05
890,1976.5917358398438,13.94856964155177,5.454602133730762e-05
891,1976.612548828125,13.951896014886088,5.471039398540202e-05
892,1976.6333618164062,13.94919923016733,5.4572724735662744e-05
893,1976.6542358398438,13.947557762575158,5.448968645871365e-05
894,1976.675048828125,13.947573130970639,5.4485943944910935e-05
895,1976.6958618164062,13.948883705985875,5.454985363716957e-05
896,1976.7167358398438,13.949634887629475,5.458374898805531e-05
897,1976.737548828125,13.950353460467863,5.4619566216275235e-05
898,1976.7583618164062,13.947012554318448,5.4453567102669575e-05
899,1976.7792358398438,13.947125463741282,5.4456633743203276e-05
900,1976.800048828125,13.95156923098613,5.4676865074154695e-05
901,1976.8208618164062,13.945567924466285,5.4376694688659586e-05
902,1976.8417358398438,13.945195864144743,5.435591462518444e-05
903,1976.862548828125,13.94639923527605,5.441412210182494e-05
904,1976.8833618164062,13.95245005218203,5.471516926179696e-05
905,1976.9042358398438,13.946640921413216,5.442235185562281e-05
906,1976.925048828125,13.945031675008087,5.433969243291514e-05
907,1976.9458618164062,13.945118379450312,5.434230053835109e-05
908,1976.9667358398438,13.946112004429033,5.439077267196536e-05
909,1976.987548828125,13.949611329190745,5.456567976206487e-05
910,1977.0083618164062,13.94667448484026,5.4416903955416334e-05
911,1977.0292358398438,13.944679880290277,5.431709098638518e-05
912,1977.050048828125,13.943610718059801,5.426091812004912e-05
913,1977.0917358398438,13.94019144305182,5.408623409898879e-05
914,1977.1126098632812,13.942381976208104,5.419259568395289e-05
915,1977.1334228515625,13.943404441960077,5.42443695211579e-05
916,1977.1542358398438,13.941743635950964,5.4159319939642434e-05
917,1977.1751098632812,13.942046844558604,5.417286181077919e-05
918,1977.1959228515625,13.94235371838399,5.419028986165757e-05
919,1977.2167358398438,13.94232359447745,5.418610015954697e-05
920,1977.2376098632812,13.944927097411773,5.431559663802536e-05
921,1977.2584228515625,13.94362931419236,5.425049768294129e-05
922,1977.2792358398438,13.940718961051504,5.410409575441767e-05
923,1977.3001098632812,13.942211081003375,5.417657807026221e-05
924,1977.3209228515625,13.94456573149628,5.429508432152609e-05
925,1977.3417358398438,13.9410404116643,5.411734394355942e-05
926,1977.3626098632812,13.93998154754739,5.4065392114392996e-05
927,1977.3834228515625,13.94023270611443,5.407745250733286e-05
928,1977.4042358398438,13.945442064161586,5.4339216100227755e-05
929,1977.4251098632812,13.942968587917825,5.421522384906044e-05
930,1977.4459228515625,13.942088984239277,5.4170722181523924e-05
931,1977.4667358398438,13.940973825360414,5.411740566778935e-05
932,1977.4876098632812,13.942148605840988,5.4175644504185625e-05
933,1977.5084228515625,13.943748390614562,5.4256018246955965e-05
934,1977.5292358398438,13.940966795096248,5.411647991312265e-05
935,1977.5501098632812,13.942897463432871,5.421792608842843e-05
936,1977.5709228515625,13.943071975593211,5.4227836729113873e-05
937,1977.5917358398438,13.944458973728038,5.430067890738588e-05
938,1977.6126098632812,13.942463878265887,5.420242996990569e-05
939,1977.6334228515625,13.941980864578587,5.418032853036588e-05
940,1977.6542358398438,13.944417342749503,5.4307707143126004e-05
941,1977.6751098632812,13.945746811263838,5.437596791234512e-05
942,1977.6959228515625,13.945683624348085,5.4375244859451e-05
943,1977.7167358398438,13.94492393592233,5.434526596194679e-05
944,1977.7376098632812,13.946374170144804,5.442239054889338e-05
945,1977.7584228515625,13.950040744925543,5.460968594725663e-05
946,1977.7792358398438,13.949541690475783,5.4591025813438294e-05
947,1977.8001098632812,13.949259295315922,5.458445978806459e-05
948,1977.8209228515625,13.949590870929674,5.460736677578216e-05
949,1977.8417358398438,13.950220003509468,5.464256670560989e-05
950,1977.8626098632812,13.953424897806798,5.481216892527293e-05
951,1977.8834228515625,13.954221759194244,5.485687599143775e-05
952,1977.9042358398438,13.955544179784676,5.4932328937600494e-05
953,1977.9251098632812,13.961016741127786,5.52176213919321e-05
954,1977.9459228515625,13.96365236964471,5.5359609583364665e-05
955,1977.9667358398438,13.963194181091461,5.53446893854555e-05
956,1977.9876098632812,13.965037729784509,5.544578002213805e-05
957,1978.0084228515625,13.969520238164348,5.568415079189424e-05
958,1978.0292358398438,13.978688058782474,5.616511044175076e-05
959,1978.0501098632812,13.980178724036136,5.625119014161411e-05
960,1978.0709228515625,13.98154022531371,5.633610938101916e-05
961,1978.0917358398438,13.986726362368596,5.661060090917605e-05
962,1978.1126098632812,13.994882629184877,5.704976834189454e-05
963,1978.1334228515625,14.001675469397489,5.74179985961507e-05
964,1978.1542358398438,14.004345713433977,5.7566186551069e-05
965,1978.1751098632812,14.014849187844575,5.8134815448339674e-05
966,1978.1959228515625,14.024598251912959,5.866631786557924e-05
967,1978.2167358398438,14.039992977137707,5.9516317884828545e-05
968,1978.2376098632812,14.044606810371212,5.977803309059539e-05
969,1978.2584228515625,14.048248389083543,5.998632809783144e-05
970,1978.2792358398438,14.059981105927253,6.065176316901473e-05
971,1978.3001098632812,14.064286574290348,6.0902820222820654e-05
972,1978.3209228515625,14.068944912158363,6.117455390260211e-05
973,1978.3417358398438,14.072708104946104,6.13999339874336e-05
974,1978.3626098632812,14.077683496844884,6.168715420416212e-05
975,1978.3834228515625,14.082043281708243,6.194131808732729e-05
976,1978.4042358398438,14.085968888718275,6.217592381214987e-05
977,1978.4251098632812,14.089540912628767,6.239010594638992e-05
978,1978.4459228515625,14.093388275655348,6.261688703227628e-05
979,1978.4667358398438,14.096606875998955,6.281008054210614e-05
980,1978.4876098632812,14.099450000716196,6.297996875356478e-05
981,1978.5084228515625,14.101730798961887,6.311876086887692e-05
982,1978.5292358398438,14.104029886208314,6.325725296060176e-05
983,1978.5501098632812,14.106096148147573,6.337937059152905e-05
984,1978.5709228515625,14.107523292358026,6.346661685045478e-05
985,1978.5917358398438,14.108419512818088,6.352319671142136e-05
986,1978.6126098632812,14.109650567396816,6.359360994524233e-05
987,1978.6334228515625,14.110430166980512,6.364328056149952e-05
988,1978.6542358398438,14.110740469508801,6.366325275420086e-05
989,1978.6751098632812,14.11076392148926,6.366527281478348e-05
990,1978.6959228515625,14.110597390446555,6.36536874803008e-05
991,1978.7167358398438,14.110884640992264,6.367115306968753e-05
992,1978.7376098632812,14.1101631380868,6.362937289790866e-05
993,1978.7584228515625,14.109649355714247,6.359799915758776e-05
994,1978.7792358398438,14.10903991034826,6.356270118710489e-05
995,1978.8001098632812,14.108190040096554,6.351320208921739e-05
996,1978.8209228515625,14.107192376643772,6.34498751123229e-05
997,1978.8417358398438,14.105948544986198,6.337596315654245e-05
998,1978.8626098632812,14.104710574368367,6.330450024299933e-05
999,1978.8834228515625,14.103787420786889,6.324588014468768e-05
1000,1978.9042358398438,14.103141806469173,6.320883552115089e-05
1001,1978.9251098632812,14.101163086376141,6.308987868653448e-05
1002,1978.9459228515625,14.099820253750321,6.300882568503693e-05
1003,1978.9667358398438,14.098618122215193,6.293933565671367e-05
1004,1978.9876098632812,14.097435866090649,6.286716979382796e-05
1005,1979.0084228515625,14.096028161395926,6.278305825226025e-05
1006,1979.0292358398438,14.094262152101752,6.267985258423784e-05
1007,1979.0501098632812,14.09269754459865,6.258715520101117e-05
1008,1979.0709228515625,14.091360118341639,6.25082011126109e-05
1009,1979.0917358398438,14.090169619951425,6.243724195505164e-05
1010,1979.1126098632812,14.088557399417228,6.234305413852181e-05
1011,1979.1334228515625,14.086904431319494,6.224604585914499e-05
1012,1979.1542358398438,14.085424198725036,6.21585790449954e-05
1013,1979.1751098632812,14.084303081585347,6.209044814886295e-05
1014,1979.1959228515625,14.082745159189264,6.199860044753238e-05
1015,1979.2167358398438,14.081217122189932,6.190961297872539e-05
1016,1979.2376098632812,14.079990513478569,6.183799401919703e-05
1017,1979.2584228515625,14.078456631344288,6.174800554086671e-05
1018,1979.2792358398438,14.07726635659192,6.167988159606358e-05
1019,1979.3001098632812,14.075766719406138,6.15896639427629e-05
1020,1979.3209228515625,14.074256685453653,6.150530283162484e-05
1021,1979.3417358398438,14.073067283613465,6.14332679316025e-05
1022,1979.3626098632812,14.072653636090065,6.140774061227373e-05
1023,1979.3834228515625,14.070464162907442,6.12804667819533e-05
1024,1979.4042358398438,14.068912061769023,6.11905561225537e-05
1025,1979.4251098632812,14.067781484293938,6.112378925767826e-05
1026,1979.4459228515625,14.067283520706194,6.109190906773378e-05
1027,1979.4667358398438,14.065764129815463,6.100371038670652e-05
1028,1979.4876098632812,14.063753986865382,6.0890410590716606e-05
1029,1979.5084228515625,14.062952337683841,6.08450525418513e-05
1030,1979.5292358398438,14.06236701350456,6.080991119622923e-05
1031,1979.5501098632812,14.060850906517535,6.0723739905223104e-05
1032,1979.5709228515625,14.05920211422977,6.0631488139058914e-05
1033,1979.5917358398438,14.058115883044378,6.056770487045744e-05
1034,1979.6126098632812,14.05776805222543,6.0544734216314674e-05
1035,1979.6334228515625,14.056431260745626,6.04671452644236e-05
1036,1979.6542358398438,14.054952317024641,6.0381265263924145e-05
1037,1979.6751098632812,14.053956873948714,6.0323422117209966e-05
1038,1979.6959838867188,14.053468712745492,6.029665537124816e-05
1039,1979.716796875,14.052067897220404,6.021740701631783e-05
1040,1979.7376098632812,14.050952981092049,6.015077319302187e-05
1041,1979.7584838867188,14.050095236948604,6.010053892099786e-05
1042,1979.779296875,14.049130635390968,6.0045617549125435e-05
1043,1979.8001098632812,14.048313095844506,5.999903256338386e-05
1044,1979.8209838867188,14.046995372734067,5.992413328950622e-05
1045,1979.841796875,14.045747836229824,5.9854011478657685e-05
1046,1979.8626098632812,14.044952827163174,5.980745614723968e-05
1047,1979.8834838867188,14.044600128506861,5.978520482068706e-05
1048,1979.904296875,14.043152408378933,5.97037208538672e-05
1049,1979.9251098632812,14.041872990754754,5.96308474120096e-05
1050,1979.9459838867188,14.041193153605377,5.958973941968532e-05
1051,1979.966796875,14.040851641413429,5.956829452101726e-05
1052,1979.9876098632812,14.038918145090031,5.9462191701691286e-05
1053,1980.0084838867188,14.03837252709884,5.94293077031111e-05
1054,1980.029296875,14.029555317603949,5.8949520763683906e-05
1055,1980.0501098632812,14.037116531311167,5.935412368199217e-05
1056,1980.0709838867188,14.035946728616047,5.928764429709493e-05
1057,1980.091796875,14.034767601273755,5.922105330322753e-05
1058,1980.1126098632812,14.025970941988323,5.8741409974620644e-05
1059,1980.1334838867188,14.033379192479696,5.914224359188652e-05
1060,1980.154296875,14.032480436652744,5.9089599264590834e-05
1061,1980.1751098632812,14.02848982558214,5.8872226527555585e-05
1062,1980.1959838867188,14.017816742351856,5.829518917336165e-05
1063,1980.216796875,14.028557587505643,5.8872054769709264e-05
1064,1980.2376098632812,14.028693989368367,5.887777463123901e-05
1065,1980.2584838867188,14.018634700786773,5.833191421961163e-05
1066,1980.279296875,14.009566729172057,5.784166277965884e-05
1067,1980.3001098632812,14.014499259410611,5.810618024329486e-05
1068,1980.3209838867188,14.025619656078606,5.870035995353225e-05
1069,1980.341796875,14.022695341629472,5.8540284198635964e-05
1070,1980.3626098632812,14.011879057031432,5.795779721828247e-05
1071,1980.3834838867188,14.002725240892842,5.746925433491298e-05
1072,1980.404296875,14.015311706208696,5.8136550700774343e-05
1073,1980.4251098632812,14.010032802108348,5.7853261420164694e-05
1074,1980.4459838867188,14.00045497512356,5.734323693401957e-05
1075,1980.466796875,13.99811977487634,5.7220107108758194e-05
1076,1980.4876098632812,14.007425616537253,5.770960064357265e-05
1077,1980.5084838867188,14.009002460838214,5.7791002813419354e-05
1078,1980.529296875,13.997080442010706,5.7157356642113555e-05
1079,1980.5501098632812,13.992692515789383,5.6926397686507535e-05
1080,1980.5709838867188,14.005642989058881,5.7604421654295483e-05
1081,1980.591796875,14.006891019313201,5.7667912285153184e-05
1082,1980.6126098632812,13.994115228485754,5.6991865746243484e-05
1083,1980.6334838867188,13.987624588370338,5.6650657795077436e-05
1084,1980.654296875,13.998774908101396,5.7231327702639955e-05
1085,1980.6751098632812,13.998040193114015,5.71936514155313e-05
1086,1980.6959838867188,13.984882321247579,5.650004184295787e-05
1087,1980.716796875,13.986786666576453,5.659773853524435e-05
1088,1980.7376098632812,13.993902302130916,5.697028680205717e-05
1089,1980.7584838867188,13.99294566938388,5.691797086913899e-05
1090,1980.779296875,13.988386028978324,5.668075222480403e-05
1091,1980.8001098632812,13.979550044511935,5.62181032336659e-05
1092,1980.8209838867188,13.978269345180934,5.61491485007546e-05
1093,1980.841796875,13.994373938947945,5.6986694676163936e-05
1094,1980.8626098632812,13.98565825990707,5.652679620933214e-05
1095,1980.8834838867188,13.974631637722052,5.595509733077124e-05
1096,1980.904296875,13.97704539766282,5.607950155293713e-05
1097,1980.9251098632812,13.990568870249973,5.6780768018739245e-05
1098,1980.9459838867188,13.979046848191768,5.617794940480648e-05
1099,1980.966796875,13.9764244740621,5.6038052242220825e-05
1100,1980.9876098632812,13.971445630989969,5.578092885656499e-05
1101,1981.0084838867188,13.98773746506609,5.6622710915174833e-05
1102,1981.029296875,13.973410049410012,5.588073530203719e-05
1103,1981.0501098632812,13.969547699798834,5.5680234977021993e-05
1104,1981.0709838867188,13.967022657535665,5.554946884103247e-05
1105,1981.091796875,13.977543911051294,5.608925346907588e-05
1106,1981.1126098632812,13.97568606322557,5.5991311471857285e-05
1107,1981.1334838867188,13.968547357575085,5.562377401533675e-05
1108,1981.154296875,13.966501087106106,5.551578885719541e-05
1109,1981.1751098632812,13.978414463063075,5.612696366853972e-05
1110,1981.1959838867188,13.977745806097166,5.6091614529676646e-05
1111,1981.216796875,13.972179069398411,5.5802229180027385e-05
1112,1981.2376098632812,13.964026660982972,5.5385046664260014e-05
1113,1981.2584838867188,13.975482464142837,5.597106144139956e-05
1114,1981.279296875,13.974520049790529,5.591773759589585e-05
1115,1981.3001098632812,13.968579168302965,5.5610242740897544e-05
1116,1981.3209838867188,13.965274280945298,5.543885345254488e-05
1117,1981.341796875,13.973133761057612,5.58385091102693e-05
1118,1981.3626098632812,13.969095454638012,5.563262932673083e-05
1119,1981.3834838867188,13.965444239730822,5.5445282543851944e-05
1120,1981.404296875,13.95864497926365,5.509464987812225e-05
1121,1981.4251098632812,13.967516284872987,5.5546097412325e-05
1122,1981.4459838867188,13.967933595509777,5.55664878589887e-05
1123,1981.466796875,13.963748312983867,5.534818121348272e-05
1124,1981.4876098632812,13.958520594210691,5.508184194849658e-05
1125,1981.5084838867188,13.965574135803447,5.5437311443355465e-05
1126,1981.529296875,13.96077642203866,5.519221036604998e-05
1127,1981.5501098632812,13.959644630859101,5.513321407636128e-05
1128,1981.5709838867188,13.95858953399994,5.507757707230236e-05
1129,1981.591796875,13.95546642815706,5.491596273578011e-05
1130,1981.6126098632812,13.961473061962815,5.521958628336694e-05
1131,1981.6334838867188,13.957254679980755,5.5007090111789955e-05
1132,1981.654296875,13.956283124671396,5.4948951574127156e-05
1133,1981.6751098632812,13.95259679140834,5.476199582455217e-05
1134,1981.6959838867188,13.964162592920573,5.534589120480619e-05
1135,1981.716796875,13.954872298656902,5.487321175797649e-05
1136,1981.7376098632812,13.956175228842065,5.4942479701899375e-05
1137,1981.7584838867188,13.953338587885566,5.479289570924322e-05
1138,1981.779296875,13.957077177550527,5.498018942734545e-05
1139,1981.8001098632812,13.954612216443014,5.4852943775358275e-05
1140,1981.8209838867188,13.953631517991214,5.480136400061315e-05
1141,1981.841796875,13.948208105548279,5.452712957854344e-05
1142,1981.8626708984375,13.952602449070453,5.474632059030564e-05
1143,1981.8834838867188,13.952469846096498,5.473790457101919e-05
1144,1981.9043579101562,13.95187715306738,5.470400520686494e-05
1145,1981.9251708984375,13.947407821517881,5.447785754738624e-05
1146,1981.9459838867188,13.948699277486812,5.454296333275678e-05
1147,1981.9668579101562,13.957032399599175,5.495831922572766e-05
1148,1981.9876708984375,13.952733243789282,5.474336397975071e-05
1149,1982.0084838867188,13.948595430806876,5.453051461688017e-05
1150,1982.0293579101562,13.94704509832725,5.445192379049693e-05
1151,1982.0501708984375,13.955356917552535,5.487100162930953e-05
1152,1982.0709838867188,13.947346958213059,5.446532651318693e-05
1153,1982.0918579101562,13.945741295086165,5.438300844053553e-05
1154,1982.1126708984375,13.943760619330472,5.4283753439000346e-05
1155,1982.1334838867188,13.946336891163158,5.441131999507065e-05
1156,1982.1543579101562,13.950706127766912,5.462782496845302e-05
1157,1982.1751708984375,13.94790123579242,5.448795508198129e-05
1158,1982.1959838867188,13.945645697944016,5.437067261571956e-05
1159,1982.2168579101562,13.946911943751196,5.4429922620178834e-05
1160,1982.2376708984375,13.945046941813732,5.434002835036678e-05
1161,1982.2584838867188,13.944609023759236,5.431409937558471e-05
